{"skins":[{"logo":"http://www.djnr.net/projects/unboundid/skins/bizco.png","name":"BizCo","background":"http://www.djnr.net/projects/unboundid/skins/bizco_background.jpg","backgroundBlurred":"http://www.djnr.net/projects/unboundid/skins/bizco_background_blurred.jpg","search":"CHASE"},{"logo":"http://www.djnr.net/projects/unboundid/skins/carco.png","name":"CarCo","background":"http://www.djnr.net/projects/unboundid/skins/carco_background.jpg","backgroundBlurred":"http://www.djnr.net/projects/unboundid/skins/carco_background_blurred.jpg","search":"GMC"},{"logo":"http://www.djnr.net/projects/unboundid/skins/shopco.png","name":"ShopCo","background":"http://www.djnr.net/projects/unboundid/skins/shopco_background.jpg","backgroundBlurred":"http://www.djnr.net/projects/unboundid/skins/shopco_background_blurred.jpg","search":"TARGET"},{"logo":"http://www.djnr.net/projects/unboundid/skins/healthco.png","name":"HealthCo","background":"http://www.djnr.net/projects/unboundid/skins/healthco_background.jpg","backgroundBlurred":"http://www.djnr.net/projects/unboundid/skins/healthco_background_blurred.jpg","search":"CVS"}]}